code,title,id,cover_url
SNOS-222,SNOS-222 脚フェチが集うパンストメーカー全男性社員を狂わせた 魔性のあし 楓ふうあ,javmefjl5q,https://pics.dmm.co.jp/mono/movie/adult/snos222/snos222ps.jpg
DASS-926,DASS-926 男をダメにする美脚堪能。甘すぎる極上足フェティスイートルーム。蒸れパンスト神聖おみ足でペニス挟撃コキシコぎゅむゥの極ズリ射精焦らし。 白峰ミウ,javmefjy3m,https://pics.dmm.co.jp/mono/movie/adult/dass926/dass926ps.jpg
MIKR-089,MIKR-089 「足でするのは浮気になりませんよ…？ご主人様」 後ろから耳元囁き乳首こねくり美脚コキホールドで焦らしヌイてくるイジワル痴女メイド 森日向子,javmefil2u,https://pics.dmm.co.jp/mono/movie/adult/mikr089/mikr089ps.jpg
SNOS-177,SNOS-177 ファーストクラスの富裕層オヤジが上玉キャビンアテンダント発見！難癖つけてチ●ポの世話まで至れり尽くせりww miru,javmefihqu,https://pics.dmm.co.jp/mono/movie/adult/snos177/snos177ps.jpg
JUR-072,JUR-072 人妻秘書、汗と接吻に満ちた社長室中出し性交,javmefjksm,https://pics.dmm.co.jp/mono/movie/adult/jur072/jur072ps.jpg
SNOS-183,SNOS-183 最強ヒロインと 一緒に終電逃して ホテル泊まって 朝までヤリたい！ 瀬戸環奈,javmefjlty,https://pics.dmm.co.jp/mono/movie/adult/snos183/snos183ps.jpg
DVAJ-737,DVAJ-737 行き遅れ女上司のクリトリスを‘吸うやつ’でズル剥け吸引 しゃぶりついて離さない粘着刺激で剥きっぱなしになったド敏感クリを弄りこねくり膝ガクガク潮ブシャブシャのイキたがり淫乱メスに堕としてやった 森沢かな,javmefig5e,https://pics.dmm.co.jp/mono/movie/adult/dvaj737/dvaj737ps.jpg
JUR-753,JUR-753 昔俺の事が好きだった地味な幼馴染が、色気漂う巨乳人妻に進化していたので、性欲が尽き果てるまで生ハメしまくった…。,javmefjktu,https://pics.dmm.co.jp/mono/movie/adult/jur753/jur753ps.jpg
SNOS-164,SNOS-164 全裸より恥ずかしい… 布面積0.1％のファッションモデル 明日葉みつは,javmefjl54,https://pics.dmm.co.jp/mono/movie/adult/snos164/snos164ps.jpg
MIMK-274,MIMK-274 宗教勧誘に来た母娘の胸がエロかったので、部屋に連れ込んだら、肉オナホにできた話。 奥田咲 美園和花,javmefilrq,https://pics.dmm.co.jp/mono/movie/adult/mimk274/mimk274ps.jpg
ABF-338,ABF-338 空っぽになるまで搾り取られる 生ハメ騎乗位 涼森れむ,javmefifzu,https://pics.dmm.co.jp/mono/movie/adult/118abf338/118abf338ps.jpg
DASS-945,DASS-945 いっぱいチュウチュウしてね？魅惑的エロ乳輪を押しつけ国宝Iカップ授乳手コキを施してくれるチソポ大好き女神のトリートメントエッチ。 彩月七緒,javmefjfsi,https://pics.dmm.co.jp/mono/movie/adult/dass945/dass945ps.jpg
HMN-849,HMN-849 会社で厳しいスパルタ女上司がまさかのニコニコソープ嬢！！いつも鬼コワなのに全肯定でよちよち甘やかし赤ちゃんプレイで爆ヌキ連射中出し20発 彩月七緒,javmefjztq,https://pics.dmm.co.jp/mono/movie/adult/hmn849/hmn849ps.jpg
SNOS-180,SNOS-180 客の少ない深夜便は美しい客室乗務員の性的賠償フライト 七ツ森りり,javmefj75i,https://pics.dmm.co.jp/mono/movie/adult/snos180/snos180ps.jpg
SNOS-166,SNOS-166 「ご主人様、私にかけて」僕のチ●ポが好きすぎて生搾りザーメン奪い合う顔射おねだりWメイド 安達夕莉 新木希空,javmefjlz4,https://pics.dmm.co.jp/mono/movie/adult/snos166/snos166ps.jpg
SNOS-131,SNOS-131 最強ヒロインが壊れるほどの快楽を！ 禁欲・おっぱい性感開発・焦らし・媚薬・追撃ピストン・目隠し拘束・大量玩具責め・全部のせ！ やりすぎエクスタシー 瀬戸環奈,javmefih2u,https://pics.dmm.co.jp/mono/movie/adult/snos131/snos131ps.jpg
SNOS-150,SNOS-150 美脚スポーツキャスターは局から人気格闘家にあてがわれても断れず…力任せの串挿しピストンで口とマ○コ同時に犯●れ死ぬほどイカされる。 明日葉みつは,javmefihqe,https://pics.dmm.co.jp/mono/movie/adult/snos150/snos150ps.jpg
PRWF-010,PRWF-010 本物若妻 24歳結婚1年目Gカップ 北国在住、夫は同級生。細身巨乳とドM願望を隠した普段は地味な奥さん発掘デビュー！初めての浮気、私AVに出ます… 小松空,javmefiiye,https://pics.dmm.co.jp/mono/movie/adult/prwf010/prwf010ps.jpg
MIMK-267,MIMK-267 シリーズ累計販売数800万部 カラミざかり同窓会編 【MOODYZ創立25周年作品】 石川澪,javmefjbzu,https://pics.dmm.co.jp/mono/movie/adult/mimk267/mimk267ps.jpg
ABF-340,ABF-340 性欲に支配された倒錯カップルの同棲中出し性交録。 瀧本雫葉,javmefifym,https://pics.dmm.co.jp/mono/movie/adult/118abf340/118abf340ps.jpg
MIDA-574,MIDA-574 「もうこれで最後…ねッ？お願いぃッ！」と朝セク決められ脚ガクガク痙攣しながらアクメ通勤してる私 同棲を始めて毎朝カレシが私の出社前パンストを破って困ってます 石川澪,javmefi3zu,https://pics.dmm.co.jp/mono/movie/adult/mida574/mida574ps.jpg
HMN-831,HMN-831 【キメセクNTR映像】別々の大学に進んだ彼女が初めてのサークル新歓飲みで連絡が途絶え、翌朝送られてきたのはガンギマリ下品アクメを繰り返す彼女らしき雌の姿だった。 香水じゅん,javmefjz2q,https://pics.dmm.co.jp/mono/movie/adult/hmn831/hmn831ps.jpg
JUR-704,JUR-704 学級委員の僕だけが知る生徒指導・凛々子先生の裏の顔。放課後、学校イチ生真面目な女教師と校内露出に明け暮れていますー。,javmefjk54,https://pics.dmm.co.jp/mono/movie/adult/jur704/jur704ps.jpg
JUR-707,JUR-707 愛する夫の為に、身代わり週末肉便器。 超絶倫極悪オヤジに、孕むまで何度も中出しされ続けて…。 七海ティナ,javmefjz64,https://pics.dmm.co.jp/mono/movie/adult/jur707/jur707ps.jpg
SNOS-205,SNOS-205 顔も性格もセックスも巨乳ニットもパツパツのジーンズに隠れたお尻も全てが最高のスタイル抜群の骨格ウェーブふんわり柔らか曲線美の俺だけの愛人を早く脱がせてそのカラダを独り占めして一晩中ひたすらにハメまくりたい。 鈴木希,javmefjlsa,https://pics.dmm.co.jp/mono/movie/adult/snos205/snos205ps.jpg
SDJS-354,SDJS-354 ナースの下半身でフル勃起させて、陰茎を刺激して射精へ導きます。長身の痴女 守屋よしの,javmefj2qu,https://pics.dmm.co.jp/mono/movie/adult/1sdjs354/1sdjs354ps.jpg
MIDA-590,MIDA-590 ダブルJcupスリム巨乳独占ハーレム！！ムカつく地味メガネ女上司を自宅で立場逆転いいなりご奉仕全裸メイド 百田光稀 篠真有,javmefjb6q,https://pics.dmm.co.jp/mono/movie/adult/mida590/mida590ps.jpg
SNOS-200,SNOS-200 年下のくせにデカい親友の妹が僕を見下ろし わざとおパンツ見せつけ！そんなの見せられたら…シコシコ止まらないよぉ！ 白上咲花,javmefj77m,https://pics.dmm.co.jp/mono/movie/adult/snos200/snos200ps.jpg
VDD-204,VDD-204 女教師in...（脅迫スイートルーム） 黒島玲衣,javmefj54e,https://pics.dmm.co.jp/mono/movie/adult/24vdd204/24vdd204ps.jpg
JUR-070,JUR-070 美しき『高嶺の花』人妻 待望の中出し解禁！！ 夫と子作りSEXをした後はいつも義父に中出しされ続けています…。 いち花,javmefig2i,https://pics.dmm.co.jp/mono/movie/adult/jur070/jur070ps.jpg
SNOS-186,SNOS-186 そのウブなカラダ、開発しちゃおうよ。 未完成少女の性感に 初体験3本番 早坂奏音,javmefj75q,https://pics.dmm.co.jp/mono/movie/adult/snos186/snos186ps.jpg
MDHR-002,MDHR-002 イクイク依存症！現役最狂マゾ女優のクチ・マ○コ・アナル3穴めった挿し！！気持ち良すぎるアナル解禁 どうなったか見たくないか？！ 月野江すい,javmefjbtq,https://pics.dmm.co.jp/mono/movie/adult/mdhr002/mdhr002ps.jpg
JUR-073,JUR-073 背徳の寝取らせシアタールーム 低俗男たちの醜い肉棒で汚された貞淑妻ー。,javmefjkr4,https://pics.dmm.co.jp/mono/movie/adult/jur073/jur073ps.jpg
ABF-348,ABF-348 究エクスタシー 全神経駆け巡る快楽の新境地へー。 涼森れむ,javmefjl2m,https://pics.dmm.co.jp/mono/movie/adult/118abf348/118abf348ps.jpg
DASS-911,DASS-911 敗北ヒロイン。媚薬快楽堕ちになんて絶対負けないッ…！ 橘メアリー,javmefjyyy,https://pics.dmm.co.jp/mono/movie/adult/dass911/dass911ps.jpg
PRED-840,PRED-840 同窓会で元ご主人様と再会。アナル再開発でイカされまくり何度も中出しされまくった婚約者 南梨央奈,javmefii7q,https://pics.dmm.co.jp/mono/movie/adult/pred840/pred840ps.jpg
JUR-667,JUR-667 息子の嫁は 女王様 愛弓りょう,javmefjz7e,https://pics.dmm.co.jp/mono/movie/adult/jur667/jur667ps.jpg
DASS-944,DASS-944 僕だけがセックスできない宅飲み輪●BSS。 五日市芽依,javmefjy3y,https://pics.dmm.co.jp/mono/movie/adult/dass944/dass944ps.jpg
ACHJ-083,ACHJ-083 顔騎の美学ー。美女のデカ尻で押しつぶされる、M男専用の快楽。究極のクンニマニアックス 神宮寺ナオ,javmefib4u,https://pics.dmm.co.jp/mono/movie/adult/achj083/achj083ps.jpg
SAME-234,SAME-234 絶倫ヤクザの性処理道具として夫に売られた妻は、毎日股をおっ広げて孕むまで中出しされ続けた。,javmefjgtu,https://pics.dmm.co.jp/mono/movie/adult/same234/same234ps.jpg
